record_id,redcap_survey_identifier,antibiotics_and_antimicrobial_resistance_in_dentis_timestamp,year_school,other_student,region,age,gender,plans,residency,other_plans,rate_curriculum,dept_courses___1,dept_courses___2,dept_courses___3,dept_courses___4,dept_courses___5,dept_courses___6,dept_courses___7,dept_courses___8,dept_courses___9,other_courses,hours_training,teaching_format___1,teaching_format___2,teaching_format___3,teaching_format___4,teaching_format___5,teaching_format___6,other_format,format_helpful___1,format_helpful___2,format_helpful___3,format_helpful___4,format_helpful___5,format_helpful___6,format_helpful___7,format_helpful___8,other_helpful_format,guidelines___1,guidelines___2,guidelines___3,guidelines___4,guidelines___5,guidelines___6,guidelines___7,guidelines___8,guidelines___9,other_guidelines,greatest_impact___1,greatest_impact___2,greatest_impact___3,greatest_impact___4,greatest_impact___5,greatest_impact___6,greatest_impact___7,other_impact,infection,choosing,dose,duration,demand,more_educ,unethical,national_problem,num_rx,broad_spec,long_duration,dose_low,livestock,hand_wash,development,not_warranted,diagnostic_tools,wrong_anti,non_compliance,percent_unnecessary,future_effect,greatest_prob,other_problem,importance,antimicrobial_steward,should_role,self_role,students_contribute,antibiotics_and_antimicrobial_resistance_in_dentis_complete
1,,"2018-04-19 11:37:19",4,,3,26,2,5,4,,0,0,1,0,0,1,0,0,0,0,,1,1,1,0,0,0,0,,0,1,0,0,1,0,0,0,,1,0,0,0,0,0,0,0,0,,1,0,0,0,0,0,0,,79,60,60,90,85,1,9,1,2,1,1,2,1,0,0,2,1,2,2,4,3,4,,85,4,1,75,-2,2
2,,"2018-04-19 11:37:20",4,,2,29,2,5,4,,2,0,1,0,0,0,0,1,1,0,,2,1,1,0,0,1,0,,1,1,1,0,1,0,0,0,,1,0,0,1,0,0,1,0,0,,1,1,0,0,1,0,0,,87,33,35,33,79,1,1,1,2,2,1,2,2,0,1,2,1,2,2,3,3,2,,74,4,2,74,1,2
3,,"2018-04-19 11:46:04",4,,3,25,2,1,,,2,0,0,0,0,0,0,0,0,1,"Medical diagnosis ",2,1,0,0,0,1,0,,1,0,0,0,1,0,0,0,,0,0,0,0,0,0,1,0,0,,1,0,0,0,0,0,0,"Referring physician recommendation ",,,,,,1.5,1,1,2,1,0,0,2,2,1,2,1,1,1,3,3,4,,,3,1,,1,2
4,,"2018-04-19 11:56:48",4,,3,26,2,5,9,,1,0,1,0,1,0,1,0,0,0,,2,1,1,0,0,1,0,,1,0,0,0,1,0,1,0,,1,0,1,1,0,0,0,0,0,,1,1,0,0,0,0,0,,76,75,75,50,51,1,1,1,2,1,2,2,2,1,1,2,1,2,2,4,3,4,,100,3,1,76,2,2
5,,"2018-04-19 11:56:59",4,,3,26,2,5,9,,1,0,0,0,0,1,1,0,1,0,,2,1,0,0,0,1,0,,1,0,0,0,0,0,0,0,,0,0,0,0,0,0,1,0,0,,1,1,0,0,0,0,0,,90,70,61,75,25,1,1,1,1,1,2,1,0,0,0,2,1,1,2,3,3,5,,60,4,0,70,1,2
6,,"2018-04-19 12:02:58",4,,3,25,2,1,,,0,0,0,0,0,0,1,0,1,0,,2,1,0,0,0,1,0,,1,0,0,0,1,0,0,0,,0,1,0,0,0,0,0,0,0,,1,1,1,0,0,0,0,,75,65,0,0,50,1,1,1,2,1,0,1,0,0,0,2,1,1,2,3,3,4,,75,4,0,50,1,2
7,,"2018-04-19 12:14:55",4,,3,25,1,5,1,,1,0,0,0,0,0,0,0,1,0,Endo,2,1,1,0,0,1,0,,1,1,0,0,1,0,0,0,,0,0,0,0,0,0,0,0,1,,1,0,0,0,1,0,0,"Reliability of patient to come back to receive needed care.",98,81,38,37,96,1.5,1,1,2,1,1,0,2,0,0,1,0,0,1,3,4,3,,16,2,1,22,1,2
8,,"2018-04-19 12:40:23",4,,2,30,2,4,,,2,1,1,0,0,0,1,1,1,0,,5,1,1,1,1,0,0,,1,1,0,1,1,0,0,0,,1,1,1,1,1,1,0,0,0,,1,1,0,1,0,0,0,,97,97,72,92,91,1.5,1,1,2,2,2,1,2,2,2,2,2,2,2,4,5,3,,91,4,2,90,2,2
9,,"2018-04-19 12:48:36",3,,4,29,1,5,6,,0,0,0,0,0,0,1,0,1,0,,2,1,0,0,0,1,0,,0,0,0,0,1,0,0,0,,0,0,0,0,0,0,0,0,1,,1,0,0,0,0,0,0,,10,10,9,10,75,1,1,1,2,2,1,1,,1,1,2,1,1,1,3,4,4,,85,4,2,81,1,2
10,,"2018-04-19 12:52:25",3,,2,25,2,1,,,0,0,0,0,0,0,0,0,1,1,Pediatric,1,1,1,0,0,0,0,,0,1,0,0,0,0,0,0,,0,0,0,1,0,0,0,0,0,,1,1,0,0,0,0,0,,60,52,52,75,91,1,1,0,2,1,0,0,1,1,1,2,1,2,2,4,3,3,,74,4,1,40,1,2
11,,"2018-04-19 12:53:12",3,,4,29,1,5,8,,-1,0,0,0,0,0,0,0,1,0,,1,1,0,0,0,0,0,,0,0,0,0,1,1,0,0,,0,0,0,0,0,0,0,0,1,,0,1,1,0,0,0,0,,91,72,65,85,100,0,1,9,2,1,2,1,1,0,1,1,1,1,2,3,3,4,,88,4,1,75,1,2
12,,"2018-04-19 12:55:30",4,,3,29,2,3,,,0,0,1,0,0,1,0,0,1,0,Pharmacology,2,1,0,0,0,1,0,,1,0,0,0,1,0,0,0,,0,0,0,0,0,0,0,0,1,,1,1,0,0,0,0,0,,80,80,75,75,78,1,1,1,1,2,1,2,2,0,0,2,0,1,1,4,4,2,,85,3,1,82,1,2
13,,"2018-04-19 12:56:36",3,,4,26,2,5,9,,2,0,1,0,1,1,1,1,1,0,,5,1,0,0,0,0,0,,1,0,0,0,0,0,0,0,,1,1,1,1,1,1,0,0,0,,1,1,0,1,0,0,0,,91,100,100,,96,1,0,1,2,2,2,2,2,2,2,2,2,2,2,3,5,4,,100,3,2,100,2,2
14,,"2018-04-19 13:00:39",4,,2,32,1,1,,,1,0,0,0,0,0,0,0,1,0,,3,1,0,0,0,0,0,,1,0,0,0,0,0,0,0,,0,1,0,1,0,0,0,0,0,,1,0,0,0,0,0,0,,90,90,90,80,100,0,1,1,2,2,1,2,1,1,1,2,1,1,1,3,3,1,,60,4,0,30,0,2
15,,"2018-04-19 13:03:32",4,,2,35,2,1,,,2,0,0,0,0,0,0,0,1,0,,3,1,0,0,0,1,0,,0,0,0,0,1,0,0,0,,1,1,0,1,0,1,0,0,0,,1,1,0,1,0,0,0,,100,50,30,13,61,1,1,1,2,2,2,2,2,0,0,2,2,2,2,3,5,3,,100,4,2,100,2,2
16,,"2018-04-19 13:13:02",4,,2,26,2,1,,,-1,0,0,0,0,0,0,0,1,0,,1,1,1,0,0,1,0,,0,1,0,0,1,0,0,0,,0,0,0,0,0,0,0,0,1,,1,0,1,0,0,1,0,,70,52,58,62,88,1,1,1,2,2,1,0,1,0,0,1,1,1,2,4,3,3,,81,4,2,92,1,2
17,,"2018-04-19 13:41:05",4,,2,28,1,5,11,,1,0,0,0,0,0,0,1,1,0,"Na ",3,1,0,0,0,1,0,,0,0,0,0,1,0,1,0,,0,0,0,1,0,0,0,0,0,,1,0,0,0,0,0,0,,100,80,100,100,100,1.5,1,1,2,2,2,2,1,0,1,2,0,1,1,4,5,2,,100,4,1,100,2,2
18,,"2018-04-19 14:04:24",4,,3,,1,4,,,2,0,0,0,0,0,0,0,1,0,,5,1,1,1,1,1,0,,1,0,0,1,1,1,0,0,,0,1,0,1,1,0,0,0,0,,1,0,0,0,0,0,0,,100,96,97,99,100,1,1,1,2,2,2,2,2,0,0,2,1,2,2,5,5,3,,100,2,2,83,2,2
19,,"2018-04-19 14:04:52",3,,3,25,1,1,,,1,1,0,0,0,0,1,0,1,0,,2,1,0,0,0,1,0,,1,0,0,0,1,0,0,0,,1,1,0,1,1,0,1,0,0,,0,1,1,0,0,0,0,,78,66,61,60,70,1.5,1,1,2,1,1,0,2,1,1,2,1,1,1,2,3,4,,63,2,1,45,2,2
20,,"2018-04-19 14:27:02",4,,2,26,2,6,,Unsure,2,0,1,0,0,0,0,1,1,0,,1,1,1,0,0,1,0,,1,1,0,0,1,0,0,0,,0,0,0,0,0,0,0,0,1,,1,0,0,0,0,0,0,,100,74,80,100,100,1,1,1,2,2,1,2,2,1,1,2,1,2,2,2,4,2,,87,4,2,100,2,2
21,,"2018-04-19 14:41:27",4,,4,36,2,5,4,,1,0,0,0,0,0,1,0,0,0,,2,1,0,1,0,1,0,,0,0,0,0,1,0,0,0,,0,0,0,0,0,0,0,0,0,,1,0,0,0,1,0,0,,63,68,69,68,69,1,1,1,2,2,1,2,2,2,1,2,1,2,2,3,3,4,,68,4,1,73,-2,2
22,,"2018-04-19 15:04:18",4,,3,26,1,1,,,1,0,0,0,0,0,1,0,1,0,,2,1,1,1,1,1,0,,0,0,1,1,1,0,1,0,,1,1,1,1,1,1,1,0,0,,1,0,0,1,0,1,0,,70,70,70,90,80,1.5,1,1,2,2,1,2,1,1,0,2,1,1,2,4,4,4,,70,2,1,60,1,2
23,,"2018-04-19 15:23:51",4,,2,27,2,5,4,,1,0,1,0,0,0,0,1,1,0,,2,1,1,1,0,1,0,,0,1,0,0,1,0,0,0,,0,0,1,1,0,0,0,0,0,,1,1,1,0,1,0,0,,50,50,50,50,50,1,1,1,2,1,2,1,1,1,0,1,1,1,2,3,3,4,,70,4,1,50,1,2
24,,"2018-04-19 17:32:04",4,,4,61,1,1,,,1,0,0,0,0,0,1,1,1,0,,3,1,1,0,0,1,0,,1,0,0,0,1,1,0,0,,0,1,1,1,0,1,0,0,0,,1,0,0,1,0,0,0,"OS rotations helped",90,85,80,82,76,1.5,1,1,2,1,0,0,1,1,0,2,1,1,2,5,3,3,,88,4,2,90,2,2
25,,"2018-04-19 19:05:14",4,,3,26,2,3,,,1,0,1,0,1,1,0,0,1,0,Clinical,2,1,1,0,0,1,0,,0,0,0,0,1,1,1,0,,1,0,0,1,0,0,0,0,0,,1,1,0,1,1,0,0,,71,78,65,74,98,1,1,1,2,2,2,1,2,1,1,2,2,2,2,4,5,4,,97,4,2,77,2,2
26,,"2018-04-19 19:16:48",3,,4,25,2,1,,,0,0,0,1,1,0,0,0,0,0,,1,1,0,0,0,0,0,,1,0,0,0,0,0,0,0,,0,0,0,1,0,0,0,0,0,,1,0,0,0,0,0,0,,74,71,58,73,68,1,1,1,2,2,1,1,1,1,1,2,2,2,2,3,3,3,,79,4,1,53,1,2
27,,"2018-04-19 19:41:25",4,,3,26,2,3,,,0,0,1,1,1,1,1,0,0,0,,2,1,0,0,1,0,0,,1,0,0,0,0,0,0,0,,1,1,0,1,1,1,0,0,0,,1,0,0,0,0,0,0,,40,39,35,36,50,1,9,1,2,2,0,2,1,0,1,2,2,2,2,3,3,4,,50,4,1,51,0,2
28,,"2018-04-19 19:54:46",3,,4,27,2,1,,,1,0,0,0,0,0,1,0,0,0,,3,1,0,0,0,0,0,,0,0,0,0,1,0,0,0,,0,0,1,1,0,0,0,0,0,,1,0,0,0,0,0,0,,84,83,86,82,53,1.5,1,1,2,2,2,2,2,0,2,2,2,2,2,4,5,3,,100,4,2,96,2,2
29,,"2018-04-19 20:27:06",3,,2,22,1,1,,,1,0,0,0,0,0,0,0,1,0,Pediatrics,1,1,0,0,0,1,0,,0,1,0,0,1,0,1,0,,1,1,0,1,1,0,1,0,0,,1,1,0,1,1,0,0,,75,70,96,79,100,1,9,1,2,2,1,1,0,1,0,2,1,2,1,5,4,4,,76,4,2,58,2,2
30,,"2018-04-19 21:08:04",4,,2,26,2,5,8,,1,0,1,0,0,0,1,0,1,0,"Microbiology, Periodontics ",3,1,0,0,0,1,0,,1,0,0,0,1,1,0,0,,0,0,0,1,0,0,0,0,0,,1,1,0,0,0,0,0,,83,83,85,82,82,1,1,1,2,2,1,1,2,2,1,2,1,2,2,3,4,4,,86,3,1,62,1,2
31,,"2018-04-19 21:29:35",3,,1,33,2,1,,,2,0,1,0,0,0,0,1,1,0,,2,1,1,1,0,0,0,,1,1,0,0,0,1,0,0,,1,0,1,1,0,0,0,0,0,,1,0,0,1,0,0,0,,100,100,60,98,100,1,1,1,2,2,2,1,2,1,0,2,1,2,2,2,4,2,,100,4,2,92,2,2
32,,"2018-04-19 21:48:29",4,,2,25,2,4,,,1,0,0,0,1,0,1,0,1,0,,2,1,1,0,0,1,0,,1,1,0,0,1,0,0,0,,0,0,0,0,0,0,0,0,1,,1,0,0,0,0,0,0,,70,60,57,67,64,1,1,1,2,1,1,0,1,0,0,2,1,1,2,4,3,3,,59,4,2,83,2,2
33,,"2018-04-19 22:50:00",4,,4,32,2,5,3,,1,0,1,0,0,0,1,0,1,0,,1,1,0,0,0,1,0,,0,0,0,0,1,1,1,0,,0,0,0,0,0,0,0,0,1,,1,1,0,1,0,0,0,"I get a lot of conflicting information from faculty on when to prescribe antibiotics which makes it hard to really know when is best to prescribe. ",70,75,85,86,95,1,1,1,2,1,1,2,1,0,1,2,2,2,2,4,3,3,,80,3,1,80,1,2
34,,"2018-04-19 22:57:38",4,,2,23,2,1,,,2,0,1,0,0,0,1,1,1,0,N/A,3,1,1,0,0,1,0,,0,1,0,0,1,0,1,0,,1,0,0,1,0,0,0,0,0,,1,1,0,0,1,0,0,N/A,75,90,80,90,90,1,9,1,2,2,2,2,1,0,0,2,1,1,1,3,3,2,,40,4,1,80,1,2
35,,"2018-04-19 23:34:59",4,,3,37,2,1,,,1,0,1,0,0,0,1,0,1,0,,2,1,0,0,0,1,0,,1,0,0,0,1,0,0,0,,1,0,0,1,0,0,0,0,0,,0,0,0,1,0,0,0,,80,80,80,81,90,1,1,1,2,2,1,2,2,0,0,2,2,2,2,4,4,3,,100,4,2,90,2,2
36,,"2018-04-20 00:02:18",4,,4,27,1,5,4,,2,0,0,0,0,0,0,0,1,0,N/A,1,1,1,1,0,1,0,,0,0,0,0,1,1,0,0,,1,1,1,1,1,1,1,0,0,,0,1,0,0,0,0,0,"'Old school' vs. 'new school' dentists. They have different opinions on the 'what' the the 'how' of antibiotics prescription",70,70,70,60,70,1,1,1,1,1,2,1,2,1,1,2,1,1,1,5,2,1,,90,2,1,70,1,2
37,,"2018-04-20 00:06:14",4,,3,26,2,5,4,,1,0,1,0,0,1,0,0,1,0,,1,1,0,0,0,1,0,,1,0,0,0,1,0,1,0,,0,0,0,0,0,0,0,0,1,,1,1,0,1,0,0,0,,75,50,50,50,25,1,9,1,2,2,2,1,1,0,1,2,1,1,2,2,4,2,,75,4,2,100,2,2
38,,"2018-04-20 07:28:37",3,,2,25,2,1,,,2,0,0,0,0,1,0,0,1,0,,2,1,0,0,0,1,0,,1,0,0,0,1,0,0,0,,1,1,1,1,1,1,1,0,0,,1,0,0,1,1,0,0,,100,100,100,88,100,1,1,1,2,2,0,2,1,1,1,2,1,1,2,5,5,3,,100,4,2,,2,2
39,,"2018-04-20 08:12:51",4,,1,35,2,5,1,,1,0,1,0,0,1,0,0,1,0,,3,1,1,0,0,1,0,,1,0,0,0,1,1,0,0,,0,0,0,0,0,0,0,0,1,,1,1,0,1,0,0,0,,96,90,90,100,97,1.5,1,1,2,2,1,1,2,0,0,2,0,0,2,4,4,3,,78,4,1,99,1,2
40,,"2018-04-20 09:55:34",4,,4,26,1,1,,,-1,0,0,0,0,0,0,0,1,0,None,1,1,0,0,0,0,0,,0,1,0,0,1,0,0,0,,0,0,0,0,0,0,0,0,1,,1,0,0,0,0,0,0,None,71,63,24,26,16,1,1,1,2,2,0,1,2,2,0,2,1,2,2,2,5,1,,72,3,1,71,1,2
41,,"2018-04-20 10:27:24",4,,4,30,1,6,,Army,0,1,1,0,0,0,0,0,1,0,,3,1,0,0,0,1,0,,0,0,0,0,0,0,0,1,"Faculty explaining things",0,0,0,0,0,0,0,0,1,,1,0,0,0,0,0,0,,90,55,20,23,37,1,1,1,2,2,1,2,2,0,1,2,2,2,2,3,4,2,,86,4,2,97,2,2
42,,"2018-04-20 10:32:20",3,,2,27,1,5,6,,1,0,0,0,0,0,0,0,1,0,Endodontics,3,1,1,0,0,1,0,,0,0,0,0,1,0,0,0,,0,0,0,0,0,0,0,0,1,,1,0,0,0,0,0,0,,50,50,76,67,98,1,1,9,2,2,1,1,0,1,0,2,2,2,2,4,4,3,,74,3,1,74,1,2
43,,"2018-04-20 17:56:53",4,,3,25,1,4,,,0,0,0,0,1,0,1,0,0,0,,1,1,0,0,0,0,0,,1,0,0,0,0,0,0,0,,0,0,0,0,0,0,0,1,0,"None of them have established guidelines, the 'guidelines' we are provided are inconsistent at best.",0,0,0,0,0,0,1,"No one, I'll write a prescription for an antibiotic if there is systemic signs of infection.",100,100,100,100,100,1,1,1,2,2,1,1,2,0,0,2,0,1,2,5,4,3,,100,1,2,100,-2,2
44,,"2018-04-21 06:41:15",4,,3,29,2,1,,,2,0,0,0,0,0,0,0,1,0,,1,1,1,0,0,1,0,,0,1,0,0,1,1,0,0,,0,0,0,1,0,0,0,0,0,,1,0,0,0,0,0,0,,90,83,43,32,87,1,1,1,2,2,1,1,2,1,0,2,1,2,2,3,2,3,,93,4,1,87,1,2
45,,"2018-04-21 11:57:56",4,,4,42,2,4,,,0,1,0,0,0,0,0,1,1,1,,1,1,0,0,0,1,0,,1,1,0,0,1,1,0,0,,1,1,1,1,1,0,0,0,0,,1,1,0,1,1,0,0,,87,84,70,86,100,1,1,9,2,2,0,0,2,0,0,2,2,2,2,1,3,3,,100,4,2,100,2,2
46,,"2018-04-21 18:34:04",4,,2,28,2,1,,,2,0,0,0,0,0,1,0,0,0,,3,1,1,0,0,0,0,,1,1,0,0,0,0,0,0,,0,0,0,0,0,0,1,0,0,,1,0,0,0,0,0,0,,82,85,84,86,65,1.5,0,1,2,2,2,0,2,1,0,2,2,2,2,5,4,1,,100,4,1,88,1,2
47,,"2018-04-21 23:17:40",3,,3,27,2,2,,,2,0,0,0,1,0,0,1,1,0,"Ipe course",2,1,1,0,1,1,0,,0,1,0,0,1,0,0,0,,0,0,0,0,0,0,1,0,1,,1,1,0,1,0,0,0,,91,83,71,77,52,1,1,1,2,1,0,0,2,0,1,2,1,2,2,4,5,3,,90,3,1,100,2,2
48,,"2018-04-22 08:54:42",4,,3,27,1,5,9,,1,1,0,0,0,1,0,0,1,0,,2,1,1,0,0,1,0,,0,0,0,0,1,1,1,0,,0,0,0,1,0,0,0,0,0,,1,0,0,0,0,1,0,,87,58,64,64,56,1,1,1,1,1,0,0,0,2,0,1,0,1,2,4,3,2,,64,3,0,92,1,2
49,,"2018-04-22 12:11:49",3,,2,26,1,1,,,1,0,0,0,0,0,1,0,1,0,Pediatrics,2,1,1,0,0,1,0,,1,1,0,0,1,0,0,0,,0,0,1,1,1,0,0,0,0,,1,1,0,1,0,0,0,,67,50,39,72,80,1,0,1,1,1,0,1,1,1,2,2,0,0,2,2,3,3,,63,4,1,58,1,2
50,,"2018-04-22 12:18:12",1,,4,27,2,1,,,0,0,0,0,0,1,0,0,0,0,,1,0,0,0,0,1,0,,0,1,0,0,0,0,0,0,,0,0,0,0,0,0,0,0,1,,0,0,0,1,0,0,0,,84,49,27,30,82,1,1,1,2,2,2,1,2,1,,2,2,2,2,4,5,4,,100,4,2,100,2,2
51,,"2018-04-22 12:39:24",3,,4,26,1,5,6,,1,0,0,0,0,0,0,0,1,0,,1,0,1,0,0,0,0,,0,1,0,0,0,0,0,0,,0,0,0,0,0,0,0,0,1,,1,0,0,0,1,0,0,,100,80,70,70,90,1,1,1,2,2,0,2,0,1,2,2,2,1,2,3,5,1,,75,3,1,80,1,2
52,,"2018-04-22 12:42:01",3,,4,24,2,5,1,,1,0,1,0,0,0,1,0,1,0,"Periodontology, microbiology",1,1,1,0,0,1,0,,1,1,0,0,1,1,0,0,,0,0,0,1,0,0,0,0,1,,0,1,0,1,1,0,0,,75,70,70,70,80,1,1,1,2,1,1,1,1,1,1,2,2,2,2,4,5,4,,100,2,2,90,2,2
53,,"2018-04-22 12:52:29",2,,4,21,1,5,11,,1,0,0,0,1,0,1,0,1,0,,1,1,0,0,0,1,0,,1,0,0,0,1,1,0,0,,0,0,0,0,0,0,1,0,0,,1,1,0,0,0,1,0,,70,50,25,25,65,1,1,1,2,2,1,1,2,1,0,2,2,2,2,2,4,3,,75,4,2,90,2,2
54,,"2018-04-22 13:03:10",3,,2,27,2,1,,,2,0,1,0,0,1,1,0,0,0,,3,1,1,0,0,1,0,,1,1,0,0,0,1,0,0,,1,1,0,1,0,1,1,0,0,,1,0,0,1,1,0,0,,100,90,90,90,100,1,1,1,2,1,1,1,2,0,1,2,0,1,2,2,3,1,,90,4,2,85,2,2
55,,"2018-04-22 14:14:09",1,,4,24,2,1,,,9,0,0,0,0,0,0,0,0,1,"preclinical integrated clinical sciences",1,1,1,0,0,0,0,,1,1,0,0,1,0,0,0,,0,0,0,0,0,0,1,0,0,,1,1,0,1,0,0,0,"ADA guidelines",52,67,81,76,92,1,1,1,2,2,1,1,1,1,1,2,2,2,2,4,4,2,,64,4,1,87,0,2
56,,"2018-04-22 18:10:42",4,,2,43,1,1,,,2,1,1,0,1,1,1,1,1,0,pediatric,3,1,1,1,1,1,0,,0,1,0,0,1,1,1,0,,0,1,0,1,1,0,1,0,0,,1,0,0,0,0,1,0,"patient's pre-existing conditions. ",95,92,96,91,93,1.5,1,1,2,2,2,1,2,2,0,2,1,2,2,2,3,3,,95,4,2,93,2,2
57,,"2018-04-22 18:22:03",3,,4,27,1,1,,,-1,0,1,0,0,0,1,0,1,0,,2,1,0,0,0,0,0,,1,1,0,0,1,0,0,0,,0,0,0,0,0,0,0,0,1,,1,0,0,1,1,0,0,,13,32,23,21,84,1,9,9,1,1,1,1,1,2,1,1,1,1,1,4,4,3,,66,4,2,50,2,2
58,,"2018-04-22 21:54:27",4,,2,30,2,1,,,-2,0,0,0,0,0,0,0,1,1,Pedodontics,1,1,0,0,0,0,0,,0,0,0,0,1,0,0,0,,0,0,0,1,1,0,0,0,0,,1,0,0,0,0,0,0,"Patient allergies",98,90,89,98,22,1,1,1,2,2,1,1,1,0,1,2,1,1,2,4,4,4,,87,2,1,98,2,2
59,,"2018-04-22 22:21:43",4,,3,26,2,3,,,0,1,1,0,0,0,0,0,1,0,,3,1,1,0,0,1,0,,0,1,0,0,1,0,1,0,,0,0,0,0,0,0,0,0,1,,1,0,0,0,0,0,0,,91,70,80,80,60,1,9,1,2,2,1,1,1,1,2,2,2,1,1,4,4,2,,95,4,2,100,2,2
60,,"2018-04-22 22:57:33",3,,2,24,2,4,,,1,0,0,0,0,0,0,0,1,0,,2,1,0,0,0,0,0,,1,0,0,0,0,0,0,0,,0,0,0,1,0,0,0,0,0,,0,0,0,0,0,0,1,,78,50,23,50,100,1,1,1,2,2,1,0,2,1,1,2,1,1,2,3,3,1,,73,4,1,81,1,2
61,,"2018-04-22 23:32:06",3,,3,25,2,1,,,2,0,0,0,0,0,1,1,1,0,,3,1,1,0,1,0,0,,1,1,0,1,0,0,0,0,,1,1,1,1,0,1,1,0,0,,1,1,1,0,0,0,0,,61,61,39,34,77,1.5,1,1,2,2,2,1,1,1,1,2,1,2,2,3,4,2,,71,4,1,73,2,2
62,,"2018-04-22 23:47:15",3,,4,31,2,5,4,,0,0,1,0,0,0,0,0,0,0,,3,1,1,0,0,1,0,,0,1,0,0,1,0,0,0,,1,1,0,0,0,0,0,0,0,,1,0,0,1,0,0,0,,80,100,100,100,68,0,1,1,2,2,1,1,2,1,1,2,1,1,2,3,3,3,,90,3,0,72,1,2
63,,"2018-04-23 00:04:29",3,,4,28,1,5,9,,0,0,1,0,1,0,1,0,1,0,,2,1,1,0,0,1,0,,1,1,0,0,1,0,0,0,,0,0,0,0,0,0,0,0,1,,0,1,1,1,0,0,0,,10,17,17,15,80,1,1,1,2,2,1,0,1,1,1,2,1,1,1,4,3,4,,92,4,2,95,2,2
64,,"2018-04-23 00:04:52",4,,4,30,1,4,,,2,0,1,0,0,0,0,0,1,0,,2,1,1,1,1,1,0,,0,0,1,1,1,1,0,0,,1,1,0,1,1,0,0,0,0,,1,1,0,1,1,1,0,"Resistance epidemic ",90,95,90,100,90,1,1,1,2,2,1,2,2,0,0,2,2,2,2,2,4,3,,90,2,2,90,1,2
65,,"2018-04-23 12:17:00",3,,4,28,1,2,,,2,0,0,0,0,0,0,0,0,1,"Evidence Based Dentistry",2,1,1,1,1,1,1,"I work on antibiotic prescriptions",1,1,1,1,1,1,1,0,,1,1,1,1,1,1,1,0,0,,1,0,0,0,0,0,0,,100,100,100,100,100,1,1,1,2,2,2,2,2,2,2,2,2,2,2,3,5,1,,100,1,2,100,2,2
66,,"2018-04-23 13:03:10",3,,2,25,1,1,,,2,0,0,0,0,1,1,1,0,0,,3,1,0,0,0,1,0,,1,0,0,0,0,0,0,0,,0,0,0,1,1,0,0,0,0,,1,0,0,1,1,0,0,,86,82,81,94,50,1.5,1,1,2,2,2,1,1,0,1,2,1,1,2,3,3,1,,75,3,2,77,2,2
67,,"2018-04-23 13:37:28",2,,4,24,2,2,,,1,0,1,0,0,0,1,0,1,0,,2,1,0,0,0,1,0,,0,0,0,1,1,0,0,0,,0,0,0,0,0,0,0,0,1,,1,1,0,1,0,0,0,,25,100,30,30,10,1,9,1,2,2,2,2,2,1,2,2,2,2,2,4,3,4,,30,4,1,35,0,2
68,,"2018-04-23 14:13:23",4,,2,27,1,5,1,,1,0,1,0,1,0,0,1,0,0,,2,1,0,0,0,1,0,,0,0,0,0,1,0,1,0,,1,0,0,1,0,0,0,0,0,,1,0,0,0,0,0,0,,50,74,75,70,60,1,1,1,2,2,2,1,2,1,0,2,2,2,2,2,4,3,,74,4,2,100,2,2
69,,"2018-04-23 14:31:04",3,,2,25,2,1,,,1,0,0,0,0,0,1,0,0,0,,2,1,1,0,0,1,0,,1,1,0,0,1,0,0,0,,1,1,1,1,1,1,1,0,0,,1,1,0,1,0,0,0,,50,64,67,60,96,1.5,1,1,2,2,1,1,0,2,0,2,2,2,2,2,3,3,,84,2,1,100,1,2
70,,"2018-04-23 17:55:19",2,,4,27,1,1,,,1,0,0,0,1,0,1,0,1,0,"Mostly from faculty in the clinic",3,1,0,0,0,0,0,,0,0,0,0,1,0,0,0,,0,0,0,0,0,0,0,0,1,,1,0,1,0,1,0,0,,71,28,30,32,34,1,1,1,2,2,2,0,1,0,0,2,1,0,1,3,2,3,,70,4,1,18,1,2
71,,"2018-04-23 18:37:08",,,,,,,,,,0,0,0,0,0,0,0,0,0,,,0,0,0,0,0,0,,0,0,0,0,0,0,0,0,,0,0,0,0,0,0,0,0,0,,0,0,0,0,0,0,0,,,,,,,,,,,,,,,,,,,,,,,,,,,,,-2,2
72,,"2018-04-23 18:38:44",4,,1,46,1,1,,,2,0,0,0,0,0,1,0,0,0,,5,1,0,0,0,0,0,,0,0,0,0,1,0,0,0,,1,1,0,0,0,0,0,0,0,,1,0,0,0,1,0,0,,100,100,100,100,,0,1,1,2,2,2,2,2,1,1,2,1,2,2,3,5,3,,100,4,2,,2,2
73,,"2018-04-23 18:42:22",3,,1,24,2,1,,,-1,0,0,0,0,1,0,1,1,0,,3,1,0,0,0,1,0,,1,0,0,0,1,0,0,0,,0,0,0,0,0,0,0,0,1,,1,1,0,0,0,0,0,,81,75,63,52,12,1.5,1,1,2,2,2,0,1,0,0,2,1,1,2,4,3,3,,,4,1,59,1,2
74,,"2018-04-23 18:42:24",3,,2,36,1,4,,,1,0,0,0,0,0,0,1,1,0,"No course just incessant questions to faculty I trust",1,1,1,0,0,1,1,"Read above statement",1,1,0,0,1,1,0,0,,0,0,0,0,0,0,0,0,1,,0,1,0,0,0,0,0,"Cardinal signs of infection, patient risk factors",75,25,75,75,90,1,1,1,2,2,1,1,1,1,2,2,1,2,2,3,3,3,,75,4,1,50,1,2
75,,"2018-04-23 18:48:54",4,,1,26,2,6,,,1,0,0,0,0,0,1,1,0,0,,2,1,0,0,0,0,0,,1,0,0,0,0,1,0,0,,0,0,1,1,0,0,0,0,0,,0,0,0,1,0,0,0,,,,,,,,,,,,,,,,,,,,,,,,,,,,,,2
76,,"2018-04-23 18:49:44",4,,1,26,1,5,4,,-1,0,1,0,0,0,0,0,1,0,"Externship ",5,1,1,1,0,0,0,,0,1,0,0,0,1,1,0,,0,0,0,0,0,0,0,0,1,,0,1,0,0,0,0,0,,74,22,24,22,88,1,1,1,2,2,1,2,2,0,1,2,0,2,2,4,5,3,,67,2,1,49,-2,2
77,,"2018-04-23 18:53:01",4,,1,25,1,4,,,1,0,1,0,0,0,1,1,0,0,"Medicine- Dr Ganda",2,1,1,0,0,0,0,,1,0,0,0,0,0,0,0,,0,0,0,0,0,0,0,0,1,,0,0,0,1,0,0,0,,69,64,51,52,53,1,1,1,2,2,1,1,2,1,1,2,2,2,2,3,4,3,,76,4,2,79,1,2
78,,"2018-04-23 18:55:26",4,,1,25,1,5,4,,1,0,1,0,0,0,1,0,1,0,,4,1,0,0,0,1,0,,0,0,0,0,1,0,0,0,,1,0,0,1,0,1,0,0,0,,1,0,0,1,0,0,0,,85,90,75,51,76,1,9,1,2,2,1,0,1,0,0,1,0,0,1,4,3,5,,57,4,1,77,0,2
79,,"2018-04-23 19:05:17",3,,1,25,2,1,,,1,0,0,0,0,0,0,0,1,1,Medicine,2,1,0,0,0,0,0,,0,0,0,0,1,1,1,0,,0,0,0,0,0,0,0,0,1,,1,1,0,0,0,0,0,,25,70,60,50,85,1,9,1,2,2,1,1,1,0,0,2,0,2,1,4,3,5,,70,4,2,51,2,2
80,,"2018-04-23 19:19:32",2,,4,22,1,5,8,,1,0,1,0,0,0,0,1,1,0,,1,1,0,0,0,1,0,,1,0,0,0,1,0,0,0,,1,1,0,1,0,0,0,0,0,,1,1,0,0,0,0,0,,70,55,55,80,40,1,1,1,2,2,2,2,2,2,2,2,1,1,2,2,3,4,,35,4,1,33,1,2
81,,"2018-04-23 20:00:08",3,,1,31,2,1,,,1,0,0,0,0,0,1,1,1,0,"Periodontology, microbiology, Endodontics",2,1,1,0,1,1,0,,0,0,0,0,1,1,0,0,,0,0,0,0,0,0,1,0,0,,1,1,0,1,0,0,0,,85,92,93,92,85,1.5,9,1,0,0,0,0,1,0,0,1,1,2,2,2,3,4,,75,3,1,76,1,2
82,,"2018-04-23 20:02:35",4,,1,25,1,1,,,2,0,1,0,0,0,1,0,1,0,,3,1,1,0,0,1,0,,0,1,0,0,1,0,0,0,,0,0,0,0,0,0,0,0,1,,1,0,0,1,0,0,0,,95,92,76,75,91,1,1,1,2,2,2,1,2,0,1,2,1,2,2,3,3,3,,100,2,2,100,2,2
83,,"2018-04-23 20:16:59",3,,3,38,2,1,,,2,0,0,0,0,0,1,1,1,0,"Medicine, Endo",2,1,1,0,0,1,0,,0,1,0,0,1,1,0,0,,0,0,0,1,0,0,0,0,0,,1,0,0,0,1,0,0,"The major factor that makes me decide whether to prescribe an antibiotic or not is if the pt is swollen and if he has fever",91,88,85,93,83,1,9,1,2,2,1,1,1,0,1,2,1,2,2,3,4,1,,100,4,2,98,2,2
84,,"2018-04-23 20:18:10",4,,1,25,2,4,,,1,0,0,0,0,0,1,0,1,1,Medicine,2,1,1,0,0,0,0,,1,1,0,0,1,1,1,0,,1,1,0,1,1,1,1,0,0,,1,1,0,1,0,0,0,,40,34,27,33,39,1,1,1,2,2,2,2,2,2,2,2,2,2,2,5,5,4,,98,4,2,100,2,2
85,,"2018-04-23 20:24:26",4,,1,26,2,1,,,1,0,0,0,0,0,0,0,1,0,"Endodontics ",2,1,0,0,0,1,0,,1,0,0,0,1,1,0,0,,1,0,0,1,0,0,0,0,0,,1,1,0,1,0,0,0,,74,69,84,85,72,1.5,9,9,1,0,0,0,2,0,0,1,0,0,1,2,3,2,,75,4,1,64,1,2
86,,"2018-04-23 20:32:04",3,,1,26,2,5,4,,1,0,0,0,0,0,0,0,0,1,Medicine,4,1,0,1,0,1,0,,0,0,1,0,1,0,0,0,,0,0,0,0,0,0,0,0,1,,1,0,0,0,0,0,0,,70,80,68,63,74,1.5,9,1,2,1,1,1,0,0,0,2,1,1,2,3,3,3,,80,4,1,65,1,2
87,,"2018-04-23 20:32:07",4,,1,26,1,5,8,,2,0,0,0,0,0,1,0,0,1,"Medicine ",2,1,0,0,0,0,0,,1,1,0,0,1,0,0,0,,1,0,0,0,0,0,0,0,0,,1,1,0,0,1,0,0,,87,85,71,87,89,1,1,1,2,1,1,2,2,1,1,2,1,1,2,4,4,3,,100,4,2,85,1,2
88,,"2018-04-23 21:13:19",3,,4,27,2,1,,,2,0,0,0,0,0,0,0,1,0,,1,1,1,0,0,1,0,,1,0,0,0,1,0,0,0,,0,1,0,1,0,0,0,0,0,,1,0,0,1,1,0,0,,70,70,70,70,85,1.5,1,1,2,2,1,1,1,1,1,2,2,2,2,5,4,4,,100,4,2,100,2,2
89,,"2018-04-23 22:08:18",3,,1,25,2,5,11,,2,0,0,0,0,0,1,0,0,0,,2,1,0,0,0,1,0,,1,0,0,0,1,1,0,0,,0,0,0,0,0,0,0,0,1,,0,0,0,1,0,0,0,,82,60,41,42,77,1,0,1,2,2,0,1,0,0,0,1,0,1,2,2,2,5,,93,4,1,75,0,2
90,,"2018-04-23 22:14:44",4,,1,30,1,5,4,,1,0,0,0,0,0,0,1,0,1,"my undergraduate education; ADA guidelines itself",1,1,1,0,0,1,0,,1,1,0,0,1,0,0,0,,1,1,1,1,0,1,0,0,0,,0,0,0,0,0,0,1,"the patient's pcp",75,25,50,25,95,1.5,1,1,2,2,2,1,1,0,2,2,1,1,1,6,4,3,,75,2,1,50,0,2
91,,"2018-04-23 23:01:32",3,,1,25,2,5,10,,1,0,0,0,0,0,1,1,1,0,,2,1,0,0,0,0,0,,1,1,1,1,1,0,0,0,,0,1,1,0,0,0,0,0,0,,1,1,0,0,0,0,0,,23,55,53,52,100,1,1,1,2,2,1,2,1,1,1,2,1,2,2,3,4,3,,100,4,1,81,1,2
92,,"2018-04-24 01:07:42",4,,2,25,1,5,6,,2,0,0,0,0,0,0,1,1,0,"Comprehensive Dentistry with clinical experience",3,1,1,1,0,1,0,,1,1,1,0,1,0,0,0,,1,0,0,1,0,0,0,0,0,,1,0,0,1,0,0,0,"Clinical reference books describing indication, coverage, and dosage",74,81,90,90,95,1,1,1,2,2,1,1,1,1,1,2,1,2,2,2,3,4,,85,4,2,93,2,2
93,,"2018-04-24 07:08:42",4,,1,28,1,5,6,,0,0,1,0,0,0,1,0,1,0,,2,1,1,0,0,1,1,"Medical consults re: current patients with our on-site physician/dentist",1,1,0,0,0,0,0,0,,0,0,0,0,0,0,0,0,1,,1,1,1,0,0,0,0,,90,90,80,80,75,1,1,1,2,2,1,1,1,1,1,2,1,1,2,2,4,3,,75,2,1,70,0,2
94,,"2018-04-24 08:03:53",4,,2,26,2,1,,,0,0,0,0,0,1,1,0,0,0,,2,1,0,0,0,0,0,,0,1,0,0,1,0,0,0,,0,0,0,0,0,0,0,0,1,,1,0,0,0,0,0,0,"Honestly I don't know when to prescribe antibiotics and what makes one situation need them and another not. ",82,73,68,64,40,1,9,1,2,2,2,2,1,0,1,2,2,2,2,3,4,4,,78,3,1,83,2,2
95,,"2018-04-24 08:09:25",3,,2,25,2,5,1,,1,0,0,0,0,0,1,1,1,0,,1,1,1,0,0,1,0,,0,1,0,0,1,0,0,0,,0,1,1,1,0,0,0,0,0,,1,0,0,1,0,0,0,,82,61,74,68,89,1,1,1,2,2,0,1,2,1,1,2,2,2,2,4,4,5,,77,4,2,83,2,2
96,,"2018-04-24 09:02:13",4,,2,25,2,5,8,,1,0,1,0,0,1,0,0,1,0,"Oral medicine ",2,1,1,0,0,1,0,,0,1,0,0,1,0,0,0,,0,0,0,0,0,0,0,0,1,,1,1,0,0,0,0,0,,71,90,60,60,100,1,1,1,2,2,1,0,1,1,0,2,1,2,2,4,4,3,,90,1,1,100,2,2
97,,"2018-04-24 10:26:21",3,,1,24,2,1,,,2,1,0,0,0,1,1,0,0,0,"We had a course specifically geared towards medicine taught by Dr. Ganda, she really tested us and made sure we know about all the antibiotics we were taught in pharmacology. She did case based teaching.",5,1,1,1,1,1,0,,1,1,0,0,1,1,0,0,,1,1,1,1,0,1,0,0,0,,1,0,1,0,1,0,0,,75,77,30,38,100,1,1,1,,,,,,,,,,,,2,3,1,,74,3,0,88,2,2
98,,"2018-04-24 11:44:05",4,,2,26,2,5,4,,1,0,0,0,0,1,0,0,1,0,,1,1,0,0,0,1,0,,0,0,0,0,1,0,0,0,,0,0,0,0,0,0,0,0,1,,1,0,0,1,1,0,0,,80,40,40,40,60,1,1,1,2,1,1,1,2,1,1,2,2,2,2,3,4,5,,80,2,2,90,2,2
99,,"2018-04-24 11:53:32",3,,1,25,2,1,,,2,0,0,0,1,1,1,0,0,0,,3,1,0,0,0,1,0,,1,0,0,0,1,1,0,0,,0,0,0,0,0,0,0,0,1,,0,0,0,1,0,0,0,,69,71,83,89,92,1,1,1,2,2,1,1,1,2,1,2,1,2,2,2,3,4,,100,4,2,98,1,2
100,,"2018-04-24 12:39:24",4,,1,26,1,5,1,,1,0,0,0,0,0,1,0,1,0,medicine,2,1,0,0,1,1,0,,1,0,0,0,1,0,0,0,,0,0,0,1,0,0,0,0,0,,1,1,0,0,0,0,0,,22,16,25,25,27,1,1,1,2,2,1,1,0,1,0,1,1,2,2,3,4,3,,72,4,1,65,1,2
101,,"2018-04-24 13:53:17",4,,1,28,2,4,,,1,0,1,0,0,0,0,1,1,0,,3,1,1,0,0,1,0,,1,0,0,0,1,1,0,0,,1,1,1,1,1,1,1,0,0,,1,0,0,1,0,0,0,,80,61,60,59,100,1.5,1,1,2,2,1,0,1,0,0,2,1,2,2,4,4,3,,80,3,1,67,1,2
102,,"2018-04-24 13:56:57",3,,2,26,2,1,,,0,0,1,0,0,1,0,0,0,0,,2,1,1,0,0,0,0,,1,1,0,0,0,0,0,0,,0,0,0,0,0,0,0,0,1,,1,1,0,0,0,0,0,,51,,40,,34,1,9,1,2,2,1,1,1,1,1,1,1,1,2,3,3,4,,,3,1,,1,2
103,,"2018-04-24 15:47:08",3,,1,24,2,1,,,1,0,0,0,1,0,1,1,0,0,,4,1,0,0,0,0,0,,0,0,0,0,1,0,0,0,,1,1,0,1,0,1,0,0,0,,1,0,0,0,0,0,0,,71,70,89,87,100,1,1,1,2,2,1,0,2,0,0,2,0,2,2,3,5,2,,100,4,1,83,1,2
104,,"2018-04-24 16:41:34",4,,2,28,2,1,,,0,1,0,0,0,0,0,0,1,0,,2,1,0,1,0,0,0,,0,0,1,0,0,0,0,0,,0,0,0,0,0,0,0,0,1,,1,0,0,0,0,0,0,,75,76,81,82,94,1,1,1,2,1,1,1,2,1,1,2,1,2,2,5,4,4,,95,4,1,,1,2
105,,"2018-04-24 19:17:12",3,,2,25,1,1,,,1,0,0,0,1,0,1,0,1,0,"Oral medicine",3,1,1,1,1,1,1,"Interprofessional education with UNC Pharmacy school",1,1,0,0,1,0,0,0,,0,1,0,1,1,1,0,0,0,,1,0,0,1,1,0,0,"Personal research",70,83,61,64,100,1.5,1,1,2,2,1,1,2,1,0,2,1,1,2,3,5,4,,85,3,2,92,2,2
106,,"2018-04-24 19:27:30",4,,2,26,2,5,9,,1,0,0,0,1,0,0,0,0,0,,1,1,0,0,0,1,0,,1,0,0,0,1,0,0,0,,0,0,0,0,0,0,0,0,1,,0,0,0,1,0,0,0,,59,,,,,1,1,9,2,1,1,1,1,1,1,2,1,1,2,2,2,5,,100,4,2,80,2,2
107,,"2018-04-25 07:52:52",3,,1,25,2,5,6,,2,0,1,0,0,0,1,0,1,0,,5,1,1,1,0,1,0,,1,1,0,0,0,1,0,0,,1,1,0,1,0,1,0,0,0,,0,0,0,1,0,0,0,,53,71,77,67,81,1,1,1,2,2,2,2,2,1,1,2,2,2,2,4,3,3,,98,4,1,94,1,2
108,,"2018-04-25 10:34:59",3,,2,25,1,5,1,,1,0,0,0,0,0,0,1,1,0,"Clinic floor",2,1,1,0,0,1,0,,0,0,0,0,1,1,1,0,,0,0,0,0,0,0,0,0,1,,1,1,0,0,0,0,0,,84,81,80,87,84,1,1,1,2,2,2,1,2,0,2,2,2,2,2,2,3,3,,89,2,2,90,2,2
109,,"2018-04-25 12:59:45",3,,2,37,1,1,,,1,0,0,0,0,0,1,0,1,0,,2,1,0,0,0,1,0,,0,0,0,0,1,0,0,0,,0,0,0,0,0,0,1,0,0,,1,0,0,0,0,0,0,,50,25,9,51,89,1,1,1,2,2,2,0,2,1,1,2,2,2,2,4,4,4,,87,2,2,89,-2,2
110,,"2018-04-25 16:37:13",4,,1,30,2,5,4,,2,1,0,0,0,0,1,1,1,0,,2,1,1,0,0,1,0,,0,0,0,0,1,0,1,0,,0,0,0,1,0,0,0,0,0,,1,1,0,0,0,0,0,,93,93,92,98,96,1.5,9,1,2,2,1,1,2,1,0,1,0,2,1,2,4,1,,93,2,2,92,2,2
111,,"2018-04-25 17:19:37",4,,3,26,1,5,11,,1,0,0,0,1,0,1,0,1,0,,1,1,1,0,0,1,0,,1,0,0,0,1,1,0,0,,0,0,0,1,0,0,0,0,0,,1,0,0,0,0,0,0,,71,58,66,74,98,1,1,1,2,2,0,2,2,1,1,2,1,2,2,4,5,3,,72,4,2,60,2,2
112,,"2018-04-26 12:38:15",2,,4,26,2,4,,,1,0,0,0,1,1,1,0,1,0,,2,1,0,0,0,1,0,,1,0,0,0,1,1,0,0,,0,0,0,1,0,0,0,0,0,,1,1,0,1,0,0,0,,58,30,15,47,73,1,1,1,2,2,1,1,2,1,2,2,2,2,2,3,5,2,,73,4,1,31,1,2
113,,"2018-04-26 12:41:13",4,,2,27,1,5,3,,2,0,1,0,1,0,1,0,0,0,"Comprehensive Dentistry",2,1,0,0,0,1,0,,1,1,0,0,1,0,0,0,,1,1,0,0,0,1,0,0,0,,1,1,1,0,0,0,0,,90,69,66,88,90,1,1,1,2,2,2,2,2,0,2,2,0,1,1,4,4,3,,50,4,1,71,2,2
114,,"2018-04-26 22:44:15",3,,1,25,2,1,,,1,0,0,0,0,0,1,0,1,1,Medicine,5,1,1,0,0,1,0,,0,0,0,0,1,1,0,0,,1,1,0,1,0,1,0,0,0,,1,0,0,1,0,0,0,,69,58,44,54,92,1.5,1,1,1,2,2,0,0,1,0,2,2,2,2,2,3,1,,100,4,1,88,1,2
115,,"2018-04-27 17:37:38",4,,4,30,1,1,,,0,0,1,0,0,0,0,0,1,0,,1,1,0,0,0,0,0,,0,0,1,0,0,0,0,0,,1,0,0,1,0,1,0,0,0,,1,0,0,0,0,0,0,,70,60,60,60,95,1,1,9,2,1,2,2,2,1,2,2,2,2,1,2,3,3,,92,4,2,100,2,2
116,,"2018-04-27 23:41:37",4,,1,28,1,1,,,2,0,1,0,0,1,0,0,1,0,,4,1,1,1,0,1,0,,1,1,1,0,1,1,0,0,,1,1,1,1,1,1,0,0,0,,1,0,0,0,1,0,0,"Books recommended by faculty have made a significant impact on my outlook on the use of antibiotics. Patient health/medical history and personal background play a major role in when and why we prescribe antibiotics.",70,70,50,80,100,1,9,1,2,2,1,2,2,0,0,2,1,0,2,5,3,3,,100,4,1,75,2,2
117,,"2018-04-29 20:55:11",4,,2,27,2,5,8,,1,0,1,0,0,0,0,0,1,1,"Comprehensive Dentistry",3,1,1,0,0,1,0,,1,0,0,0,1,1,0,0,,0,0,0,0,0,0,1,0,0,,1,0,0,1,0,0,0,,80,86,90,85,85,1.5,1,1,2,2,1,0,1,0,0,2,0,1,2,4,4,3,,90,4,2,75,2,2
118,,"2018-05-01 12:56:33",3,,1,24,1,1,,,1,0,1,0,1,1,1,1,1,0,"Pharmacology and Oral Surgery",2,1,1,1,0,1,0,,1,0,0,0,1,1,0,0,,0,1,0,1,0,0,1,0,0,,1,0,0,0,0,0,0,,80,25,40,25,80,1,1,1,2,2,2,1,0,0,0,2,1,1,2,2,3,2,,80,4,2,25,1,2
119,,"2018-05-01 12:58:53",4,,1,26,2,5,9,,1,0,0,0,0,0,1,1,1,0,,3,1,1,1,1,1,0,,1,0,1,0,1,0,0,0,,1,1,1,1,1,0,0,0,0,,1,0,0,1,0,1,0,,95,85,80,80,100,1,1,1,2,2,2,1,1,1,2,2,1,1,2,4,4,3,,100,2,1,88,2,2
120,,"2018-05-01 12:59:00",3,,2,34,1,5,6,,1,0,1,0,0,0,1,0,1,0,,1,1,0,0,0,1,0,,1,1,0,0,1,0,0,0,,0,0,0,0,0,0,0,0,1,,1,1,0,0,0,0,0,,,24,26,26,26,1,1,1,2,2,2,,1,2,1,1,1,1,1,2,4,1,,76,2,1,74,1,2
121,,"2018-05-01 13:14:30",4,,1,25,2,5,4,,1,0,1,0,0,0,0,0,1,0,,1,1,1,0,0,1,0,,0,0,0,0,1,0,0,0,,0,0,0,1,0,0,0,0,0,,0,0,0,0,1,0,0,,75,60,55,51,55,1,1,1,1,2,2,0,2,1,1,2,1,1,2,3,3,5,,85,4,1,70,1,2
122,,"2018-05-01 14:04:22",4,,2,29,1,1,,,1,0,0,0,0,0,0,0,1,0,"Oral Surgery",3,1,1,0,0,1,0,,1,1,0,0,1,1,0,0,,0,1,0,1,0,0,0,0,1,,1,1,0,0,0,1,0,,90,70,70,70,100,1,1,1,2,2,1,1,2,0,0,2,1,1,2,3,4,3,,69,3,1,70,-1,2
123,,"2018-05-01 14:51:01",4,,2,26,2,5,4,,1,0,0,0,0,0,0,0,1,0,"General practice",1,1,1,0,0,1,0,,0,0,0,0,1,0,0,0,,0,1,0,1,0,0,0,0,0,,1,1,0,0,0,0,0,,70,80,80,80,70,1,1,1,2,1,1,0,2,2,1,2,1,2,2,2,5,4,,100,4,2,100,1,2
124,,"2018-05-01 16:07:04",4,,2,26,1,5,4,,1,0,0,0,1,1,1,0,0,0,,3,1,0,0,0,1,0,,1,0,0,0,1,0,0,0,,0,0,0,1,0,0,0,0,0,,1,0,0,1,0,0,0,,75,50,75,50,80,1,1,1,2,2,1,0,1,0,0,2,2,2,1,2,4,3,,80,4,1,75,2,2
125,,"2018-05-01 17:30:25",3,,2,25,2,5,4,,2,0,1,0,0,0,1,0,1,0,,3,1,1,0,0,1,0,,1,1,0,0,1,0,0,0,,1,0,0,1,1,1,0,0,0,,1,0,0,0,0,0,0,,76,75,42,39,90,1.5,1,1,2,2,1,1,1,2,1,2,2,1,2,3,4,4,,65,3,2,64,1,2
126,,"2018-05-01 18:04:50",3,,2,32,2,5,4,,1,0,0,0,0,0,0,1,0,1,"clinical skills and GPG (actual clinic)",1,0,1,0,0,1,0,,1,1,0,0,1,0,0,0,,0,0,0,0,0,0,0,0,1,,1,0,0,0,0,0,0,"haven't been taught enough material on this topic, to be honest. mostly they have just told us about premedication.",75,25,0,0,75,1,9,1,2,2,1,1,2,0,1,2,0,2,1,4,3,3,,75,4,1,60,-2,2
127,,"2018-05-01 18:42:28",3,,2,26,2,5,1,,0,0,0,0,0,0,0,0,1,0,,1,1,0,0,0,1,0,,0,1,0,1,1,1,0,0,,0,0,0,1,0,0,0,0,0,,0,0,1,0,0,0,0,,2,0,1,3,76,1,1,1,2,2,2,0,1,1,2,2,2,2,1,2,3,3,,100,4,2,100,2,2
128,,"2018-05-01 19:50:05",4,,2,29,1,3,,,0,0,0,0,0,0,0,1,0,0,,1,1,0,0,0,1,0,,1,0,0,0,1,1,1,0,,1,1,1,1,0,1,0,0,0,,0,0,0,1,0,0,0,,,,,,,,1,1,2,2,2,2,2,2,2,2,2,2,2,4,3,2,,,3,0,,0,2
129,,"2018-05-01 20:20:06",4,,3,31,2,1,,,1,0,0,0,0,0,1,1,1,0,,3,1,0,1,0,1,0,,1,0,0,0,1,1,0,0,,0,0,0,1,0,0,0,0,1,,1,1,0,1,0,0,0,,94,85,85,70,100,1,1,1,2,2,2,1,1,1,1,2,1,1,2,3,3,3,,,3,1,85,0,2
130,,"2018-05-01 21:40:56",4,,1,26,1,6,,,2,0,1,0,0,0,0,1,1,0,,2,1,0,1,0,0,0,,0,0,0,0,0,0,0,0,,0,0,0,0,0,0,0,0,0,,0,0,0,0,0,0,0,,,,,,,,,,,,,,,,,,,,,,,,,,,,,,2
131,,"2018-05-01 21:44:59",4,,1,26,2,5,4,,1,0,0,0,0,0,1,0,0,0,"oral surgery",2,1,0,0,1,1,0,,1,1,0,0,1,1,0,0,,0,1,0,1,1,0,0,0,0,,1,0,0,0,0,0,0,,66,48,23,75,21,1,1,1,2,2,1,0,2,1,0,2,2,2,2,3,3,2,,82,4,1,73,1,2
132,,"2018-05-02 17:07:16",3,,2,24,1,1,,,0,0,0,0,0,0,0,0,1,0,,1,1,0,0,0,1,0,,1,0,0,0,1,0,1,0,,0,1,0,1,0,1,0,0,0,,1,0,0,0,0,0,0,,60,66,42,40,75,1,0,1,2,2,2,1,0,0,1,2,1,2,2,3,4,2,,75,4,2,52,1,2
133,,"2018-05-02 18:18:20",4,,2,27,1,5,6,,2,0,0,0,0,0,0,0,1,0,,3,1,1,1,0,1,0,,1,1,0,0,0,0,0,0,,0,0,0,1,0,0,0,0,0,,1,0,0,1,0,0,0,,88,90,88,98,100,1.5,1,1,1,1,1,1,2,1,0,1,1,1,1,3,3,2,,76,4,1,100,1,2
134,,"2018-05-03 08:45:12",4,,1,38,2,4,,,1,0,0,0,0,0,1,0,0,0,"oral surgery, special care dentistry, pediatric dentistry",4,1,1,0,0,1,0,,1,1,0,0,1,1,0,0,,0,1,0,1,1,0,0,0,0,,1,0,1,0,0,0,0,,83,96,87,83,79,1.5,1,1,2,2,1,1,1,0,0,2,0,1,2,3,5,2,,90,4,2,82,0,2
135,,"2018-05-03 13:42:06",4,,2,26,2,5,4,,0,0,0,0,0,1,1,1,0,0,"Oral Medicine",1,1,0,0,0,1,0,,0,0,0,0,0,1,1,0,,0,0,0,0,0,0,0,0,1,,1,0,0,0,0,0,0,,21,31,34,18,31,1,1,1,2,2,1,1,1,1,,2,1,2,2,2,5,2,,100,2,2,100,2,2
136,,"2018-05-04 13:51:21",4,,2,28,1,1,,,1,0,0,0,0,1,1,0,1,0,,2,1,1,0,0,1,0,,1,1,0,0,1,0,0,0,,1,1,0,1,1,1,0,0,0,,1,1,0,1,0,0,0,,90,80,75,75,100,1.5,1,1,2,1,1,0,1,1,1,2,1,1,2,3,2,4,,71,3,1,50,1,2
137,,"2018-05-05 14:48:55",3,,1,25,2,5,6,,-1,0,0,0,0,1,0,0,1,0,"Oral surgery & Periodontics",1,1,0,0,0,0,0,,1,1,0,0,0,0,0,0,,0,0,0,0,0,0,0,0,1,,1,1,0,1,0,0,0,,40,40,25,50,60,1,1,1,2,2,2,1,1,1,2,2,2,2,2,3,4,4,,70,4,2,100,2,2
138,,"2018-05-07 08:43:20",4,,2,25,2,5,1,,1,0,0,0,0,0,1,1,0,0,,1,1,0,0,0,0,0,,1,0,0,0,0,0,0,0,,0,0,1,1,0,0,0,0,0,,1,0,0,0,0,0,0,,80,70,65,65,70,1,1,1,2,1,1,1,1,2,1,2,2,2,2,4,3,2,,85,3,1,85,1,2
139,,"2018-05-07 11:05:16",4,,2,27,1,5,11,,1,0,0,0,0,0,0,0,1,0,,1,1,0,0,0,1,0,,0,1,0,0,1,0,0,0,,0,0,0,0,0,0,0,0,1,,1,0,0,1,0,0,0,,89,50,50,,93,1,1,1,2,2,1,1,2,0,1,2,1,1,2,4,3,3,,77,2,1,80,-1,2
140,,"2018-05-07 13:25:30",4,,2,26,1,5,4,,0,1,0,0,0,0,1,0,1,0,,2,1,0,0,0,0,0,,1,0,0,0,0,0,0,0,,0,0,0,0,0,0,0,0,1,,1,0,0,0,1,0,0,,100,58,50,61,70,1,1,0,2,1,1,2,1,0,1,2,0,2,2,4,2,3,,70,4,2,,-1,2
141,,"2018-05-10 14:48:21",4,,2,30,1,5,1,,1,0,1,0,0,0,1,0,1,0,,3,1,1,0,0,1,0,,1,1,0,0,1,0,0,0,,1,1,1,1,1,1,0,0,0,,1,0,0,1,0,0,0,,80,80,80,80,90,1,1,1,1,2,1,1,2,1,0,2,1,2,2,4,4,3,,96,3,1,78,1,2
142,,"2018-05-14 12:27:42",4,,2,25,2,5,10,,1,0,0,0,0,0,1,0,1,0,,2,1,1,0,0,1,0,,0,1,0,0,1,1,0,0,,0,0,0,0,0,0,1,0,0,,1,1,0,1,0,0,0,,93,91,82,86,76,1,1,1,2,2,1,0,1,0,0,2,1,1,1,2,3,4,,95,3,2,93,2,2
143,,"2018-07-06 19:03:38",4,,4,32,2,3,,,1,0,0,0,0,0,0,1,0,0,,2,1,1,0,0,1,0,,1,1,0,0,1,1,0,0,,1,0,1,1,0,0,0,0,0,,1,0,0,0,1,0,0,,90,46,91,91,100,1.5,9,1,2,1,1,1,2,0,0,2,2,2,2,3,5,2,,100,1,2,100,2,2
144,,"2018-07-06 19:30:22",5,"IDP3 Class of 2020",4,27,1,5,9,,2,0,0,0,0,0,0,0,1,0,,2,1,0,0,0,1,0,,1,0,0,0,1,0,0,0,,0,1,0,1,0,0,0,0,0,,1,1,0,0,1,1,0,,,,,,,1,1,1,2,2,2,2,2,2,2,2,2,2,2,3,5,3,,,4,2,,2,2
145,,"2018-07-06 19:35:16",3,,4,25,2,1,,,1,0,0,0,0,0,1,1,1,0,Endodontics,2,1,1,0,0,1,0,,0,0,0,0,1,0,0,0,,0,0,0,0,0,0,1,0,0,,1,1,0,1,0,0,0,none,87,92,90,86,92,1,1,1,2,2,2,1,2,1,1,2,2,2,2,4,4,1,,100,2,2,100,2,2
146,,"2018-07-06 20:13:29",3,,4,31,1,1,,,1,0,0,0,0,1,0,1,1,0,Na,1,1,0,0,0,1,0,,0,1,0,0,1,0,1,0,,1,1,1,1,1,1,0,0,0,,1,1,0,0,0,0,0,Na,87,86,89,88,92,1.5,1,1,2,2,0,1,2,0,1,2,1,1,2,2,3,3,,17,4,1,0,-1,2
147,,"2018-07-06 20:38:40",3,,4,37,1,1,,,0,0,0,0,0,0,0,1,0,0,,1,1,1,0,0,1,0,,0,1,0,0,1,0,0,0,,0,0,0,0,0,0,0,0,1,,1,1,0,0,1,0,0,,50,25,25,25,50,1.5,1,1,2,0,0,0,1,0,1,2,1,0,2,3,5,4,,95,1,1,95,2,2
148,,"2018-07-06 22:21:44",2,,4,25,2,5,1,,1,0,0,0,1,1,0,0,1,0,,1,1,0,0,0,0,0,,1,0,0,0,0,0,0,0,,0,0,0,0,0,0,0,0,1,,0,0,0,1,0,0,0,,14,12,3,0,15,1,1,1,2,2,1,1,2,1,1,2,2,2,2,3,4,3,,61,1,2,76,2,2
149,,"2018-07-07 00:12:28",3,,4,28,2,5,8,,0,0,1,0,1,0,1,0,1,0,,2,1,1,0,0,0,0,,0,1,0,0,0,1,0,0,,1,1,0,1,0,0,0,0,0,,1,0,0,1,0,0,0,,83,74,67,75,90,1,1,1,1,2,1,1,1,1,2,2,1,1,1,4,4,2,,86,4,1,85,1,2
150,,"2018-07-07 00:18:37",3,,4,27,2,3,,,1,1,0,0,0,0,0,0,1,0,,2,1,1,0,0,1,0,,0,1,0,0,1,0,0,0,,1,0,0,1,0,0,0,0,0,,1,0,0,0,0,1,0,,70,64,61,65,52,1,9,1,2,2,1,1,2,0,1,2,1,1,1,4,4,2,,77,3,1,74,1,2
151,,"2018-07-07 02:45:01",3,,4,31,2,1,,,1,0,1,0,0,0,0,0,1,0,,1,0,0,0,0,0,1,,1,1,0,0,0,0,0,0,,0,0,0,0,0,0,0,0,1,,1,0,1,0,0,0,0,,72,30,40,40,90,1,1,1,2,2,2,0,2,0,0,2,2,2,2,3,5,2,,100,4,2,100,2,2
152,,"2018-07-07 11:26:52",3,,4,27,2,5,8,,1,0,0,0,0,0,1,0,0,0,,3,1,1,0,0,0,0,,1,1,0,0,0,0,0,0,,0,0,0,0,0,0,0,0,1,,0,0,0,1,0,0,0,,91,72,72,73,100,1.5,1,1,2,2,2,2,1,1,1,2,1,2,2,4,4,3,,89,1,2,89,2,2
153,,"2018-07-07 12:03:49",2,,4,27,2,5,9,,1,0,1,0,0,0,1,0,0,1,CEs,1,1,0,1,1,0,0,,0,0,1,0,0,0,0,0,,1,0,0,0,0,0,0,0,0,,1,1,0,0,0,1,0,,60,50,40,43,35,1,1,1,2,1,0,0,1,1,0,2,2,1,2,3,3,5,,85,3,2,100,2,2
154,,"2018-07-07 12:05:48",2,,4,25,2,5,8,,1,0,0,0,1,1,0,0,0,0,"Cased-based discussions.",1,1,1,0,0,0,0,,1,1,0,0,0,0,0,0,,0,0,0,0,0,0,0,0,1,,1,0,0,1,0,1,0,,29,15,10,10,90,1,1,1,2,2,2,0,2,0,1,2,0,1,2,3,3,4,,90,4,1,100,1,2
155,,"2018-07-07 12:25:01",2,,4,19,1,5,6,,9,0,0,0,1,0,1,1,1,0,"We haven't gotten to that part of the curriculum yet.",1,1,0,1,0,0,0,,1,0,1,0,0,0,0,0,,0,0,0,0,0,0,1,0,0,,0,0,0,0,0,0,1,"We haven't had the course work yet. However I do know that we do have resources that the school has (like guidelines) to help us get going. ",10,10,0,0,0,1,1,1,1,1,2,2,1,0,0,2,0,2,2,2,4,5,,73,4,1,85,2,2
156,,"2018-07-07 13:45:51",3,,4,26,2,5,1,,1,0,0,0,0,0,0,0,1,0,,1,1,0,0,0,1,0,,1,0,0,0,1,0,0,0,,0,1,0,1,0,0,1,0,1,,1,0,0,0,0,0,0,,80,73,73,73,57,1,1,1,2,1,0,1,2,2,2,2,2,1,1,2,3,1,,75,3,2,90,1,2
157,,"2018-07-07 14:27:34",3,,4,23,2,5,8,,-1,0,0,0,0,0,0,1,1,0,"ICS - integrated clinical sciences ",1,1,0,0,0,0,0,,0,0,0,0,1,0,0,0,,0,0,0,1,0,0,1,0,0,,1,1,0,0,0,0,0,,82,18,18,20,84,1,1,1,2,2,0,2,1,0,1,2,2,2,2,4,3,4,,92,4,2,72,2,2
158,,"2018-07-07 15:52:31",5,"3rd year (Class of 2019)",4,22,1,6,,"Military Practice ",1,0,1,0,0,0,0,0,1,0,,2,1,1,0,0,1,0,,1,1,0,0,1,0,1,0,,1,0,0,1,0,1,0,0,0,,1,0,0,0,0,0,0,,85,85,75,65,80,1,1,1,2,2,1,2,2,1,1,2,1,2,2,3,3,3,,85,3,1,88,2,2
159,,"2018-07-07 17:31:11",3,,4,25,1,5,4,,2,0,0,0,0,0,0,0,1,0,"Pharmacology and Oral Diagnosis",3,1,1,0,0,0,0,,1,1,0,0,1,0,0,0,,1,1,0,1,1,1,0,0,0,,1,0,0,1,0,1,0,,70,80,40,40,80,1,1,1,2,2,2,1,2,0,2,2,0,2,2,4,3,4,,85,3,2,90,1,2
160,,"2018-07-08 13:32:10",2,,4,31,1,1,,,1,0,0,0,0,1,0,0,1,1,,1,1,0,0,0,0,0,,1,0,0,1,1,0,0,0,,1,1,1,1,1,1,1,0,0,,1,0,0,1,0,1,0,,30,0,0,0,30,1,1,1,2,2,2,0,1,0,0,2,2,2,2,2,5,5,,100,1,2,100,2,2
161,,"2018-07-08 15:45:27",3,,4,31,2,5,9,,1,0,0,0,0,0,0,0,1,0,,2,1,0,0,0,0,0,,1,0,0,0,0,0,0,0,,1,1,0,1,0,0,0,0,0,,1,0,0,1,0,1,0,,70,70,80,80,100,1,1,1,2,2,1,1,1,1,1,2,1,2,2,5,3,2,,95,1,2,95,2,2
162,,"2018-07-09 00:53:31",3,,4,27,2,1,,,2,0,1,0,1,0,1,0,1,0,,2,1,0,0,0,1,0,,1,0,0,0,1,0,0,0,,1,1,0,1,0,1,0,0,0,,1,0,0,0,0,0,0,,35,47,41,31,50,1,1,1,1,2,2,1,0,1,0,2,2,2,1,3,3,3,,72,4,1,65,1,2
163,,"2018-07-09 10:51:40",2,,3,23,2,3,,,1,0,1,0,0,0,0,1,0,0,,2,1,0,1,0,1,0,,1,0,0,0,0,0,0,0,,0,0,0,0,0,0,1,0,0,,1,0,0,0,0,0,0,,86,70,23,27,76,1,1,1,1,1,1,1,1,1,1,1,1,1,1,3,3,3,,77,3,1,75,1,2
164,,"2018-07-09 14:10:49",2,,2,31,2,1,,,1,0,0,0,0,0,0,0,0,1,Pediatrics!,1,1,0,0,0,0,0,,1,1,0,0,0,0,0,0,,1,0,1,0,1,1,1,0,0,,1,0,0,1,0,0,0,,76,69,,,,1.5,,,,,,,,,,,,,,,,,,,,,,,2
165,,"2018-07-09 14:50:03",3,,4,25,1,5,3,,0,0,1,0,0,0,1,0,1,0,,3,1,1,0,0,1,0,,1,0,0,0,1,1,0,0,,0,0,0,0,0,0,0,0,1,,1,0,0,1,1,0,0,,78,37,17,17,77,1,1,1,2,2,2,1,2,1,1,2,2,2,2,3,4,4,,89,4,1,52,1,2
166,,"2018-07-09 15:25:13",3,,3,23,2,1,,,1,0,0,0,0,1,0,0,1,1,"Management of the Medically complex patient",4,1,1,0,0,1,0,,0,1,0,0,1,0,0,0,,0,1,0,1,1,1,0,0,0,,1,0,0,1,0,1,0,"Risk of a law suit",100,80,51,50,100,1,1,1,2,1,0,0,2,0,0,2,1,1,2,4,4,3,,90,4,1,100,2,2
167,,"2018-07-09 16:50:32",3,,4,38,1,1,,,0,0,0,0,0,0,1,0,0,0,,2,0,1,0,0,1,0,,0,0,0,0,1,0,0,0,,0,0,1,1,0,1,0,1,0,,0,0,1,0,1,0,0,,64,32,51,36,35,1,9,1,1,2,1,0,2,1,2,1,1,1,2,4,3,4,,77,3,1,,1,2
168,,"2018-07-09 17:19:45",3,,4,26,1,5,6,,1,0,0,1,1,0,1,0,1,0,,1,1,0,0,0,1,0,,0,0,0,0,1,1,1,0,,0,0,0,0,0,0,0,0,1,,0,0,0,0,1,1,0,,73,70,73,77,86,1.5,1,1,2,2,2,2,2,2,2,2,2,2,2,3,3,3,,39,2,1,79,1,2
169,,"2018-07-09 17:27:01",3,,2,26,2,1,,,2,0,1,0,0,1,0,0,0,1,"Pediatric ",1,1,0,0,0,1,0,,1,1,0,0,1,0,0,0,,1,0,0,1,1,0,0,0,0,,1,1,0,0,0,0,0,,78,61,61,82,35,1,9,1,1,2,0,1,2,0,2,2,1,2,2,3,4,1,,63,4,2,,0,2
170,,"2018-07-09 17:34:04",3,,4,34,1,5,4,,2,0,0,0,1,0,1,1,0,0,"Essentials of Clinical Dentistry (ECD)",4,1,1,1,1,1,0,,1,1,0,0,1,0,0,0,,0,1,0,0,0,0,1,0,0,,1,0,0,1,0,1,0,,90,90,100,100,80,1.5,1,1,2,1,1,1,2,1,1,2,2,2,2,2,5,4,,100,2,1,100,2,2
171,,"2018-07-09 18:23:40",3,,2,29,2,1,,,1,0,0,0,0,0,1,1,0,1,Pediatrics,2,1,1,0,0,0,0,,0,1,0,0,1,0,0,0,,0,1,1,0,1,1,0,0,0,,1,1,0,1,0,0,0,"Education about antibiotic resistance, changing guidelines",75,85,75,90,50,1.5,1,1,2,2,0,1,1,1,2,2,1,2,2,3,4,2,,100,3,2,100,2,2
172,,"2018-07-09 19:08:34",3,,4,26,2,5,9,,-1,0,0,0,0,0,1,0,0,0,,1,1,0,0,0,0,0,,1,0,0,0,1,1,0,0,,0,0,0,0,0,0,0,0,1,,1,1,0,0,0,0,0,,90,40,,,81,1,1,1,2,2,2,2,1,0,0,2,1,2,2,3,4,5,,87,4,2,92,2,2
173,,"2018-07-09 21:02:06",4,,2,24,2,1,,,2,0,0,0,0,0,1,1,1,0,,2,1,1,0,1,1,0,,0,0,0,0,1,1,1,0,,1,1,1,1,1,1,1,0,0,,1,0,0,1,1,0,0,,84,86,88,87,94,1.5,1,1,2,1,0,1,0,1,0,2,2,2,2,3,5,3,,95,4,1,88,2,2
174,,"2018-07-09 21:41:55",3,,4,29,1,1,,,1,0,0,0,0,0,1,1,1,1,"Externship rotation",3,1,1,1,1,1,0,,1,0,0,0,1,0,1,0,,1,1,1,1,1,1,1,0,0,,1,1,1,1,1,0,0,,75,95,95,90,90,1.5,1,1,2,2,2,2,2,2,2,2,2,2,2,3,4,5,,75,2,1,50,0,2
175,,"2018-07-09 22:27:04",4,,3,25,1,1,,,1,0,1,0,0,0,1,1,1,0,,4,1,1,0,1,1,0,,1,1,0,0,1,0,0,0,,0,1,0,1,0,1,0,0,0,,1,1,0,1,0,0,0,,75,85,95,91,85,1.5,1,1,2,2,0,1,0,0,0,2,1,1,2,2,3,2,,84,2,1,90,1,2
176,,"2018-07-09 22:40:41",3,,4,30,1,4,,,2,0,0,0,0,0,1,0,0,0,"Clinic experience",2,1,0,0,0,1,0,,0,0,0,0,1,0,0,0,,0,1,0,0,0,0,0,0,0,,1,0,0,0,1,0,0,,72,90,85,80,100,1,0,1,2,1,0,0,1,0,0,1,0,2,2,4,4,2,,100,4,2,81,2,2
177,,"2018-07-10 00:03:19",3,,2,25,2,1,,,0,0,0,0,0,0,0,0,1,0,,2,1,0,0,0,1,0,,1,1,0,0,1,0,0,0,,0,0,0,1,1,0,0,0,0,,1,1,0,0,0,0,0,,60,20,21,21,70,1,1,1,2,2,2,2,2,2,2,2,2,2,2,4,4,3,,85,3,2,83,1,2
178,,"2018-07-10 02:14:53",4,,4,27,2,5,4,,1,0,0,0,0,0,1,0,0,0,,2,1,0,0,0,1,0,,1,0,0,0,1,0,0,0,,1,1,0,1,0,0,0,0,0,,1,1,0,1,0,0,0,,75,70,50,50,70,1,1,1,2,2,2,1,1,0,0,2,0,2,2,4,5,4,,100,4,2,100,2,2
179,,"2018-07-10 02:31:05",2,,3,24,2,6,,Undecided,1,0,0,0,1,1,0,0,1,0,"Medical Emergencies, Medically Complex Patients",3,1,1,0,0,1,0,,1,0,0,0,1,1,0,0,,1,0,0,1,0,1,0,0,0,,1,0,0,0,0,0,0,,98,28,32,62,11,1,1,1,2,2,1,0,2,0,0,2,1,1,1,5,5,3,,100,4,2,100,1,2
180,,"2018-07-10 08:46:03",3,,3,,1,5,6,,0,0,1,0,0,0,0,0,1,0,,1,1,0,1,0,0,0,,0,0,1,0,0,0,0,0,,1,0,0,1,0,0,0,0,0,,1,0,0,0,0,0,0,,87,77,62,66,88,1,1,1,2,1,1,1,0,0,0,2,1,1,2,3,3,3,,84,4,1,41,2,2
181,,"2018-07-10 09:30:42",4,,3,25,1,4,,,1,0,1,0,0,1,0,0,1,0,,1,1,0,0,0,1,0,,1,0,0,0,0,0,0,0,,0,0,0,1,0,0,0,0,0,,1,0,0,0,0,0,0,,100,50,28,100,100,1,1,1,2,1,1,0,2,2,0,2,0,2,2,5,5,2,,100,4,2,3,2,2
182,,"2018-07-10 09:59:14",3,,3,27,1,5,8,,2,0,0,0,0,1,0,0,1,0,,1,1,0,0,0,1,0,,0,0,1,0,1,0,0,0,,0,0,0,1,0,0,0,0,0,,1,0,0,0,1,0,0,,89,75,33,35,73,1,0,1,2,2,2,1,1,2,2,2,2,1,1,1,3,4,,70,2,0,74,1,2
183,,"2018-07-10 14:07:14",4,,4,29,2,1,,,1,0,1,0,0,0,0,1,0,0,,3,1,1,1,0,1,0,,0,1,0,1,1,0,0,0,,1,0,1,1,0,1,0,0,0,,1,0,0,1,1,1,0,,76,71,51,50,95,1,1,1,2,2,2,1,2,0,0,2,0,2,2,4,3,4,,73,1,2,96,2,2
184,,"2018-07-10 15:23:23",4,,3,28,2,1,,,-2,1,0,0,0,0,0,0,0,0,,1,0,1,1,0,0,0,,0,1,0,0,0,0,0,0,,0,0,0,0,0,0,0,0,1,,0,0,0,0,1,0,0,,23,34,26,27,12,1,1,1,2,2,2,1,1,0,0,2,,2,2,3,4,4,,100,4,2,93,2,2
185,,"2018-07-10 15:32:44",3,,4,28,1,1,,,2,1,0,0,0,0,0,0,1,1,"Clinic floor",1,1,0,0,1,1,0,,0,0,0,0,1,0,0,0,,1,1,0,1,0,0,0,0,0,,1,0,0,0,0,0,0,"Current AHA guidlines",90,76,77,86,100,1.5,1,1,2,2,1,2,2,1,2,2,0,1,2,2,3,2,,83,4,2,59,2,2
186,,"2018-07-10 15:34:52",4,,3,28,2,1,,,2,0,1,0,1,0,1,1,1,0,,4,1,1,0,1,1,0,,1,1,0,0,1,0,0,0,,1,0,1,1,1,1,0,0,0,,1,1,0,1,0,1,0,,100,90,100,100,100,1.5,1,1,2,2,1,2,2,0,1,2,1,1,2,3,4,3,,100,4,2,100,2,2
187,,"2018-07-10 16:04:44",2,,2,25,1,1,,,1,0,0,0,1,0,1,0,0,1,"Pediatric dentistry ",2,1,0,1,0,0,0,,1,0,0,0,0,0,0,0,,0,0,0,0,1,0,0,0,0,,0,0,0,1,0,0,0,,21,80,18,23,30,1.5,1,9,1,2,0,2,1,0,0,1,1,1,2,4,3,4,,70,2,1,53,1,2
188,,"2018-07-10 16:55:56",2,,2,27,2,1,,,1,0,1,0,0,1,1,1,1,0,,3,1,1,0,0,1,0,,1,0,0,0,1,0,0,0,,0,0,0,0,0,0,0,0,1,,1,0,0,1,1,0,0,,92,85,62,67,82,1,1,1,2,1,1,2,0,2,0,2,1,2,2,3,4,4,,91,4,2,74,2,2
189,,"2018-07-10 16:56:34",2,,2,25,1,1,,,1,0,0,0,0,0,1,1,1,0,,2,1,1,0,0,1,0,,1,1,0,0,1,0,0,0,,1,1,0,1,0,0,0,0,1,,1,1,0,0,0,0,0,,75,55,65,53,89,1,9,1,1,1,1,1,1,1,1,1,1,1,,2,2,2,,74,3,1,72,1,2
190,,"2018-07-10 17:30:00",2,,2,26,1,1,,,0,0,0,0,0,1,0,0,1,1,"Comprehensive care clinic.",2,1,0,1,0,1,0,,0,0,1,0,1,0,0,0,,0,0,0,1,0,1,0,0,0,,1,0,0,0,0,1,1,"ADA/AAPD guidelines.",40,60,50,50,65,1,1,1,1,1,1,0,2,2,1,2,1,1,1,3,3,1,,40,4,1,50,1,2
191,,"2018-07-10 17:51:24",4,,2,24,2,1,,,0,1,0,0,0,0,0,0,1,1,"Emergency department ",1,1,0,0,0,1,0,,0,0,0,0,1,0,0,0,,0,0,0,0,0,0,0,1,0,"Emergency department",1,1,0,0,0,0,0,,68,54,58,59,73,1,1,1,2,1,1,1,0,0,0,2,1,2,2,2,3,4,,89,4,2,87,2,2
192,,"2018-07-10 18:15:02",3,,2,25,2,1,,,-1,0,0,0,0,0,0,0,1,0,,1,1,0,0,0,0,1,"Kaplan test prep ",0,0,0,0,0,0,0,1,"Kaplan test prep ",0,0,0,0,0,0,0,0,1,,1,1,0,0,0,0,0,"Dentists I have shadowed ",75,40,25,24,30,1,1,1,1,1,0,1,0,0,1,1,0,1,1,2,4,3,,81,4,1,70,1,2
193,,"2018-07-10 19:31:16",3,,2,25,2,5,9,,1,0,1,0,0,0,0,0,1,1,"General dentistry/treatment planning/emergency appointments",3,1,0,0,0,1,0,,0,0,0,0,1,0,0,0,,0,0,1,0,0,0,0,0,0,,1,1,0,0,0,0,0,,100,80,75,70,100,1.5,1,1,2,1,1,2,0,0,0,2,1,1,2,3,2,1,,60,4,1,80,1,2
194,,"2018-07-10 19:46:46",3,,1,28,1,1,,,1,0,0,0,0,0,1,1,0,0,N/a,2,0,0,0,0,1,0,,0,0,0,0,0,1,0,0,,0,0,0,0,0,1,0,0,0,,0,0,0,1,0,0,0,N/a,52,52,52,64,65,1.5,9,9,1,1,1,1,1,1,1,1,1,1,1,4,3,4,,52,3,0,58,0,2
195,,"2018-07-10 20:24:21",3,,2,41,1,1,,,1,0,0,0,1,1,1,0,0,0,,2,1,0,0,0,1,0,,1,0,0,0,1,0,0,0,,0,0,0,0,0,0,1,0,0,,1,0,0,1,0,0,0,,80,75,85,85,90,1.5,1,1,1,1,0,0,1,0,0,2,0,1,2,3,3,3,,60,2,1,65,1,2
196,,"2018-07-10 20:42:12",2,,3,23,2,1,,,1,0,1,0,0,1,1,0,1,0,,4,1,1,0,0,1,0,,0,1,0,0,1,0,0,0,,1,0,0,1,1,1,0,0,0,,1,1,0,1,0,0,0,,61,50,20,15,35,1,1,1,2,1,2,0,1,2,1,2,1,1,2,3,4,4,,95,4,2,85,2,2
197,,"2018-07-10 21:38:56",4,,4,27,2,1,,,1,0,1,0,0,0,1,1,0,0,none,1,1,0,1,0,1,0,,0,0,0,0,1,0,0,0,,1,1,1,1,1,1,0,0,0,,1,1,1,0,0,0,0,,30,60,60,60,50,1,1,1,1,1,1,1,1,1,1,1,1,1,1,4,3,3,,60,4,1,70,1,2
198,,"2018-07-10 23:34:53",2,,4,25,1,1,,,2,0,1,0,0,0,1,0,1,0,,2,1,0,1,0,1,0,,1,0,1,0,1,0,0,0,,0,0,0,0,0,0,1,0,0,,1,1,0,1,0,0,0,,65,75,32,30,77,1.5,1,,2,2,2,2,1,0,0,2,1,1,2,4,3,3,,50,4,1,14,1,2
199,,"2018-07-10 23:37:58",2,,4,29,2,1,,,0,0,0,0,0,0,0,0,1,0,,3,0,1,0,0,1,0,,0,0,0,0,1,0,0,0,,0,0,0,0,0,0,0,1,0,,1,1,0,0,1,1,0,,61,66,64,67,69,1,1,1,1,1,1,1,1,1,1,1,1,1,1,4,4,3,,80,3,0,66,1,2
200,,"2018-07-11 02:11:46",2,,4,25,1,3,,,1,0,0,1,1,0,0,1,0,0,,1,1,1,1,0,0,0,,1,1,0,0,1,0,0,0,,0,0,0,0,0,0,0,0,1,,0,0,0,1,0,0,0,,75,40,10,75,90,1.5,1,1,2,2,2,1,1,0,1,2,2,2,2,4,3,3,,80,1,2,100,2,2
201,,"2018-07-11 06:46:03",3,,2,24,2,1,,,0,0,1,0,0,1,0,0,1,0,,1,1,0,0,0,1,0,,1,0,0,0,1,0,0,0,,0,0,0,0,0,0,0,0,1,,1,1,0,0,0,1,0,,71,70,63,64,55,1,1,1,1,2,1,1,1,1,1,2,1,1,2,2,3,3,,76,3,2,81,2,2
202,,"2018-07-11 08:09:40",2,,2,25,2,5,6,,1,0,1,0,0,0,0,1,1,0,,1,1,0,0,0,1,0,,0,0,0,0,1,1,0,0,,0,0,0,0,0,0,0,1,0,"Really depends on the attending faculty prescribing the antibiotic.",1,1,0,0,0,0,0,,64,65,27,61,15,1,1,1,2,2,1,0,2,2,0,2,1,2,2,3,3,1,,67,2,2,100,2,2
203,,"2018-07-11 08:45:27",3,,3,24,2,1,,,2,0,1,0,0,0,1,0,0,0,,2,1,1,0,1,0,0,,1,0,0,0,0,0,0,0,,0,0,0,0,0,0,1,0,0,,0,0,0,1,0,0,0,,94,49,89,42,36,1.5,1,1,2,2,2,1,2,1,0,2,1,2,2,5,3,5,,100,3,1,94,2,2
204,,"2018-07-11 09:18:08",3,,4,25,2,5,1,,1,0,1,0,0,0,1,0,1,0,"Periodontics, Pathology, Microbiology",1,1,1,0,0,1,0,,1,1,0,0,1,1,0,0,,0,1,0,1,0,0,0,0,1,,1,1,0,1,0,0,0,,78,75,61,63,81,1.5,1,1,2,1,1,1,1,1,1,2,1,1,1,4,5,2,,92,2,2,91,1,2
205,,"2018-07-11 14:42:29",2,,2,24,1,1,,,1,0,1,0,0,1,0,0,1,0,,2,1,0,0,0,0,0,,0,0,0,0,0,0,0,0,,0,0,0,0,0,0,0,0,1,,1,0,0,0,0,0,0,,0,0,0,2,23,1,1,1,1,1,0,1,1,0,0,1,0,1,2,2,4,2,,95,4,1,78,1,2
206,,"2018-07-11 17:48:24",3,,2,30,1,1,,,1,0,0,0,0,0,1,1,1,0,,1,1,1,0,0,0,0,,0,1,0,0,0,0,0,0,,0,0,0,1,0,1,0,0,0,,1,1,0,1,0,0,0,,30,20,20,20,50,1,1,1,2,2,1,1,0,1,0,2,1,2,2,4,5,3,,75,4,2,100,2,2
207,,"2018-07-11 18:42:55",3,,1,24,2,4,,,1,0,0,0,0,0,1,1,0,0,,2,1,1,0,0,1,0,,1,1,0,0,1,0,0,0,,0,0,0,0,0,0,0,0,1,,1,0,1,0,0,0,0,,43,43,45,44,45,1,1,1,1,1,1,1,1,1,1,1,1,1,1,2,4,2,,70,4,1,60,0,2
208,,"2018-07-11 19:08:54",3,,2,29,2,1,,,1,0,0,0,0,0,1,1,0,1,Pediatrics,2,1,1,0,0,0,0,,0,1,0,0,1,0,0,0,,0,1,1,0,1,1,0,0,0,,1,1,0,1,0,0,0,"Education about antibiotic resistance, changing guidelines",75,85,75,90,50,1.5,1,1,2,2,0,1,1,1,2,2,1,2,2,3,4,2,,100,3,2,100,2,2
209,,"2018-07-11 19:34:47",4,,2,25,1,1,,,1,0,1,0,0,0,0,0,1,0,,3,1,1,0,0,1,0,,0,0,0,0,1,0,1,0,,1,0,0,1,0,0,0,0,0,,1,0,0,0,0,0,0,,82,77,57,57,81,1,1,1,2,2,1,1,1,1,0,1,1,1,2,3,3,2,,90,3,1,,2,2
210,,"2018-07-11 22:16:57",4,,3,26,1,5,10,,1,0,1,0,1,1,1,0,1,0,,1,1,0,0,0,1,0,,1,0,0,0,0,0,0,0,,1,1,0,1,0,1,1,0,0,,1,1,0,1,0,0,0,,80,90,75,75,100,1,1,1,2,2,2,2,2,2,2,2,1,2,2,5,4,1,,100,3,2,100,2,2
211,,"2018-07-12 08:27:03",3,,2,25,2,1,,,0,0,0,0,0,0,0,0,1,1,"I attend ECU SoDM and our Community Service Learning Centers which we rotate to in our 4th year of school, have provided me with antibiotic prescribing knowledge. ",4,1,0,0,0,1,0,,0,0,0,0,1,0,1,0,,0,0,0,0,0,0,0,0,1,,1,1,0,0,0,0,0,"Many of our faculty in clinic have their own preferences based on personal experiences for which antibiotics they prefer to prescribe. Often I find myself prescribing what they have found to work. ",85,60,50,60,90,1,1,1,2,1,1,1,0,1,1,2,1,1,2,3,4,2,,90,4,2,80,1,2
212,,"2018-07-13 00:40:22",3,,4,25,2,5,10,,2,0,0,0,1,0,1,0,0,0,,1,1,0,1,0,0,0,,1,1,1,0,0,0,0,0,,0,0,0,0,0,0,0,0,1,,0,0,0,0,0,0,1,,67,45,1,30,49,1,1,1,2,2,2,1,1,1,1,2,2,2,2,4,2,1,,63,1,2,32,1,2
213,,"2018-07-13 15:19:56",3,,4,24,2,1,,,1,0,1,0,1,0,1,1,1,0,,2,1,1,1,0,1,0,,1,0,1,0,1,1,0,0,,1,1,0,1,0,0,0,0,0,,1,1,0,0,0,1,0,,90,85,90,90,100,1.5,1,1,2,2,1,2,2,0,1,2,1,1,2,3,4,3,,100,3,2,100,2,2
214,,"2018-07-13 18:17:56",3,,3,26,2,4,,,1,0,0,0,0,1,1,1,1,0,,3,1,1,1,1,1,0,,0,1,0,0,1,0,0,0,,0,0,0,0,0,0,1,0,0,,1,0,0,1,1,0,0,,69,71,53,54,60,1,1,1,2,2,1,2,0,0,1,2,1,2,2,4,4,1,,69,3,2,83,2,2
215,,"2018-07-15 23:15:55",3,,4,26,1,6,,"US ARMY",1,0,0,0,0,0,1,1,1,0,,2,1,0,1,0,1,0,,1,0,0,0,1,1,0,0,,0,0,0,0,0,0,0,0,1,,1,0,0,0,1,0,0,,84,75,75,75,50,1,9,1,2,2,2,2,1,1,2,2,1,2,2,2,3,1,,75,3,2,50,1,2
216,,"2018-07-16 11:51:45",3,,4,22,2,5,1,,1,0,0,0,0,0,1,0,0,1,"Integrated Clinical Sciences",2,1,1,0,0,1,0,,0,0,0,0,1,0,0,0,,0,0,1,1,0,0,1,0,0,,1,0,0,1,0,0,0,,20,46,13,29,48,1,1,1,2,1,2,1,1,1,0,2,1,1,1,2,3,1,,60,4,1,50,1,2
217,,"2018-07-16 18:22:55",2,,4,22,2,1,,,1,0,1,0,1,1,0,0,0,0,,2,1,1,0,0,0,0,,1,1,0,0,0,0,0,0,,1,1,1,1,1,1,1,0,0,,1,0,0,0,1,1,0,,90,0,0,0,80,1,1,1,2,1,2,1,2,1,0,2,0,1,1,2,3,1,,70,4,1,,1,2
218,,"2018-08-06 21:46:15",2,,2,24,2,5,3,,-1,0,1,0,0,1,0,0,0,0,,1,1,0,0,0,1,0,,1,0,0,0,0,0,0,0,,1,0,0,0,0,0,0,0,0,,1,0,0,1,0,0,0,,10,30,10,10,90,1,1,1,2,2,2,2,1,1,0,1,1,1,2,3,4,2,,100,4,2,100,2,2
